"","Estimate","Std. Error","z value","Pr(>|z|)","OR","2.5 %","97.5 %"
"(Intercept)",5.0210230927043,0.302931259141622,16.5747935915618,1.06026349806112e-61,151.566290863865,83.9534485595753,275.235133330682
"age1",1.55675804721618,0.0830328568284741,18.7486990894709,1.98384697087447e-78,4.74341835257038,4.03815859422649,5.59250799783114
"gendermale",0.169083285287171,0.068874135805136,2.45496053504838,0.0140900055898242,1.18421876281669,1.03429477756312,1.35495471290519
"occupationretired",-0.200556616114812,0.101600469749571,-1.973973315371,0.0483847772567449,0.818275161153793,0.67292466214045,1.00242187507506
"occupationcivil_servants",-0.192483639336624,0.205986898750359,-0.934446027899568,0.350073864352382,0.824907814132265,0.544139756249702,1.22224304723
"occupationadministrator",-0.575211017355272,0.383737267471604,-1.49897095256154,0.133881167823399,0.562586140841013,0.245543926024795,1.1238080817738
"occupationworker",-0.333697033439201,0.196507358122431,-1.69814014410237,0.089481314407718,0.716270755445112,0.482048549403765,1.04309988008225
"`occupationassistant/clerk/waiter/waitress`",0.0873471081126208,0.290952586518135,0.300210797772635,0.76401636930333,1.09127540453126,0.5959745423238,1.87437552661774
"registered_residenceOthers",0.379834761785652,0.0751403317196616,5.05500512298461,4.30379215860065e-07,1.46204298410156,1.26012453199226,1.69188444811973
"ethnicityOthers",-0.405041843476285,0.211228381250394,-1.9175540762022,0.0551675779554479,0.666948902813996,0.430359228484317,0.987830704301206
"`educationjunior high school`",-0.188271712208628,0.0867714117296536,-2.1697435647954,0.0300262777863516,0.828389593084993,0.698728850742009,0.981922864527899
"`educationtechnical secondary school`",-0.644659325667532,0.141709428584911,-4.5491632568489,5.38596470281697e-06,0.524841311617259,0.394791370138148,0.688546039526186
"`educationsenior high school`",-0.19422251743752,0.0968541425062203,-2.00530934879782,0.044929985999254,0.823474646412116,0.680435311181604,0.994820307291627
"`educationjunior college`",-0.560031841369187,0.126305564494336,-4.43394432867051,9.25245276768927e-06,0.571190876059693,0.444052429680715,0.728868797742898
"`educationundergraduate or above`",-0.503257598393383,0.115587657532615,-4.35390429338339,1.33734110155032e-05,0.604558041153983,0.480773618092851,0.756542745960353
"marital_statusothers",0.278945750757195,0.0830390594707087,3.3592113462652,0.000781652628941101,1.32173563876699,1.12119815503523,1.55273099928742
"`medical_insuranceself-funded`",-0.443048330453867,0.296747060546975,-1.49301674509336,0.135432803710496,0.642076174504961,0.342325936570447,1.10345813189905
"`medical_insurancepublicly-funded or commercial insurance`",0.0670101462357634,0.144781033357914,0.462837877873873,0.643480578578613,1.06930632755366,0.798386658080274,1.40932078881629
"medical_insuranceothers",-0.293769595116583,0.442046594505569,-0.664567036072671,0.50632745900332,0.745448226569959,0.283435728593038,1.63082844423749
"exerciseoccasionally",-1.31898692943441,0.118455867980395,-11.1348382475464,8.48989949677895e-29,0.267406066005684,0.210680303530845,0.335356343200864
"exercisemore_than_once_a_week",-1.68752690051623,0.141130899446778,-11.957175268713,5.95534404534135e-33,0.184976423879082,0.138824847222712,0.241639851945853
"exerciseeveryday",-2.11619941171997,0.074905720717538,-28.2515059123447,1.36398559720651e-175,0.120488687307999,0.103885417807121,0.139356841544261
"dietarymainly_vegetarian",-0.203486718658763,0.236080224857535,-0.861938854817506,0.388721166184365,0.81588104024522,0.501030002371913,1.26753989206229
"dietarymainly_meat",0.162207826689287,0.337579075300296,0.480503202234896,0.630869626730352,1.17610464185762,0.576460842150893,2.17853503483526
"`dietarysugar/salt/oil_addicted`",0.0470936223194298,0.603079371942253,0.078088597472273,0.937757577396229,1.0482201412868,0.266909537886344,2.95720034682371
"smokingquit_smoking",0.892492982722879,0.185154387612845,4.82026374977983,1.43368548798253e-06,2.44120796085083,1.68115457649928,3.47718934210713
"smokingsmoking",0.0064533593866316,0.184426822304802,0.0349914362020842,0.972086569613762,1.00647422717528,0.692653505298241,1.42884933249686
"drinkingoccasionally",-0.0741499800348191,0.193331884516166,-0.383537253673326,0.701321453681521,0.928532422072563,0.627536498591303,1.34069503609385
"drinkingoften",0.336249328562179,0.332122946709907,1.01242426003126,0.31133524364403,1.39968796349637,0.690611688023647,2.56746075767502
"drinkingeveryday",-0.489247668818184,0.378704145240123,-1.29189942853139,0.19639197567569,0.613087465540996,0.270725057199082,1.21381468102903
"symptoms011",0.294314902576219,0.12151443702663,2.42205708044155,0.0154329262041107,1.34220650141003,1.05235693048289,1.69498965121749
"`MCC¡Ý2`",0.430169955443356,0.0658502724532551,6.53254632695286,6.46607863162904e-11,1.53751881103524,1.35215821182569,1.75049728370759
"IC",-1.03071577594529,0.0313735388851803,-32.8530287806379,1.03104438086682e-236,0.356751515006271,0.335333978670181,0.37921061528005
